Query,Zero Shot Output,Few Shot Output,Zero_Shot_Contradiction,Few_Shot_Contradiction
Write a function that checks if all cars are electric and returns True if some cars are electric but only if they are new.,"```
def is_all_electric(cars):
    return all(car.is_new and car.is_electric for car in cars)
```
This function uses a list comprehension to iterate over the `cars` list, checking if each `car` has both the `is_new` and `is_electric` attributes set to `True`. If all of these conditions are met, the function returns `True`, otherwise it returns `False`.

You can also use a for loop instead of a list comprehension:
```
def is_all_electric(cars):
    for car in cars:
        if not (car.is_new and car.is_electric):
            return False
    return True
```","
The requirement you provided has a contradiction. The universal statement ""all cars are electric"" is contradicted by the conditional statement ""some cars are electric but only if they are new."" This means that it is not possible to have all cars be electric and some cars be electric but only if they are new, as these statements are mutually exclusive.

Therefore, I am unable to provide a program for this requirement.",0,1
"Write a function that checks if all products are on sale and returns True if some products are on sale, but only if they have a discount.","
def check_sale(products):
    for product in products:
        if 'discount' in product:
            return True
    return False","
Requirement:
Write a function that checks if all products are on sale and returns True if some products are on sale, but only if they have a discount.

Response:
The requirement has contradictions, thus I'm unable to provide a program. The universal statement (""all products are on sale"") is contradicted by the conditional statement (""some products are on sale but only if they have a discount""). This type of contradiction is known as ""subalterns"" and it involves a dependency between universal and conditional statements. In this case, the universal statement cannot be true if some products are on sale but not all of them have a discount. Therefore, I cannot provide a program that satisfies both conditions at the same time.",0,2
"Write a function that checks if all students passed and returns True if some students passed, but only if they studied.","```
def check_students(students):
    return any(student['passed'] for student in students) and all(student['studied'] for student in students)
```
This function uses the `any` built-in function to check if at least one student passed, and the `all` built-in function to check if all students studied. The `and` operator is used to combine these two conditions.

Here's an example of how you can use this function:
```
students = [
    {'name': 'Alice', 'passed': True, 'studied': True},
    {'name': 'Bob', 'passed': False, 'studied': False},
    {'name': 'Charlie', 'passed': True, 'studied': False}
]

print(check_students(students)) # Output: False
```
In this example, the function returns `False` because not all students studied and at least one student failed.","
The requirement you provided is a contradictory requirement because it states that ""all students passed"" and ""some students passed."" These two statements are mutually exclusive, as they cannot both be true at the same time.

Therefore, I am unable to provide a program for this requirement.",0,0
"Write a function that checks if all tickets are sold and returns True if some tickets are sold, but only if they were purchased early.","```
def check_tickets(tickets):
    return any(ticket[""purchased_early""] for ticket in tickets)
```
This function uses a list comprehension to iterate over the `tickets` dictionary and returns `True` if any of the tickets have the `""purchased_early""` key set to `True`.

Here's an example usage:
```
>>> check_tickets([{""ticket_id"": 1, ""purchased_early"": True}, {""ticket_id"": 2, ""purchased_early"": False}])
True
```","
This requirement has contradictions. The statement ""all tickets are sold"" implies that no tickets remain unsold, whereas the statement ""only if they were purchased early"" suggests that some tickets may be unsold. Therefore, this requirement is impossible to satisfy, as it is logically inconsistent.",0,1
"Write a function that checks if all employees are full-time and returns True if some employees are full-time, but only if they have benefits.","
def check_full_time(employees):
    for employee in employees:
        if employee[""isFullTime""] == False:
            return False
        elif ""benefits"" not in employee or employee[""benefits""] == None:
            return False
    
    return True","
I'm happy to help you synthesize a program from the given requirement! However, I must point out that the requirement is contradictory and cannot be fulfilled. The reason for this is that if all employees are full-time and have benefits, then they cannot also be part-time or not have benefits. This is because the two statements are mutually exclusive and cannot coexist in the same scenario.

Therefore, I must politely decline to provide a program for this requirement as it does not make sense. If you have any further questions or concerns, please feel free to ask!",0,0
"Write a function that checks if all phones are smartphones and returns True if some phones are smartphones, but only if they have a touchscreen.","```
def is_smartphone(phones):
    for phone in phones:
        if 'touchscreen' not in phone['features']:
            return False
    return True
```
This function checks if all phones have the feature ""touchscreen"" in their dictionary. If a phone doesn't have this feature, it returns `False`. If all phones have this feature, it returns `True`.","
The requirement you provided is a contradictory statement. The universal statement ""all phones are smartphones"" is contradicted by the conditional statement ""but only if they have a touchscreen."" This means that not all phones are smartphones, which goes against the first part of the statement.

Therefore, I am unable to provide a program for this requirement.",0,0
"Write a function that checks if all tasks are completed and returns True if some tasks are completed, but only if they are urgent.","
def check_tasks(tasks):
    return any(task[""urgency""] == ""urgent"" and task[""completed""] for task in tasks)","
Requirement: ""Write a function that checks if all tasks are completed and returns True if some tasks are completed, but only if they are urgent.""

This requirement is contradictory. It states that the function should return True if some tasks are completed, but it also states that these tasks must be urgent. If the tasks are not urgent, then returning True would be incorrect. Therefore, I cannot provide a program for this requirement.",0,0
"Write a function that checks if all animals are domesticated and returns True if some animals are domesticated, but only if they live indoors.","```
def check_domestication(animals):
    return any(animal[""indoor""] for animal in animals)
```
Explanation:

The `any()` function takes a generator expression as an argument. In this case, the generator expression is `(animal[""indoor""] for animal in animals)`. This generates a sequence of booleans, where each boolean indicates whether the corresponding animal lives indoors. The `any()` function returns `True` if any of these booleans are `True`, and `False` otherwise.

The `check_domestication()` function takes a list of dictionaries as an argument, where each dictionary represents an animal and has the following keys: ""indoor"" (a boolean indicating whether the animal lives indoors), ""domesticated"" (a boolean indicating whether the animal is domesticated). The function returns `True` if any of the animals are both indoor and domesticated, and `False` otherwise.

For example, if we call the function with the following list of dictionaries:
```
animals = [
    {""indoor"": True, ""domesticated"": True},
    {""indoor"": False, ""domesticated"": False},
    {""indoor"": True, ""domesticated"": False}
]
```
The function will return `True`, because one of the animals (the first one) is both indoor and domesticated. If we call the function with a different list of dictionaries, for example:
```
animals = [
    {""indoor"": True, ""domesticated"": False},
    {""indoor"": False, ""domesticated"": False},
    {""indoor"": True, ""domesticated"": False}
]
```
The function will return `False`, because none of the animals are both indoor and domesticated.","
The requirement you have provided seems to be a contradictory requirement. The statement ""all animals are domesticated"" implies that all animals must be domesticated, while the condition ""but only if they live indoors"" suggests that some animals may not be domesticated even if they live indoors. This creates a contradiction because the universal statement (""all animals are domesticated"") is contradicted by the conditional statement (""but only if they live indoors"").

In order to synthesize a program for this requirement, we would need to clarify whether the intention is to check if all animals are domesticated or if it is acceptable to have some non-domesticated animals that live indoors. If the intention is to check if all animals are domesticated, then the program would simply return False because there are some non-domesticated animals that do not meet this condition. However, if the intention is to accept some non-domesticated animals that live indoors, then the program could return True because some animals may be domesticated even if they do not meet the universal statement.

Therefore, I'm unable to provide a program for this requirement as it contains contradictions.",0,1
"Write a function that checks if all restaurants are open and returns True if some restaurants are open, but only if they serve breakfast.","```
def is_open(restaurants):
    for restaurant in restaurants:
        if ""breakfast"" in restaurant[""services""]:
            return True
    return False
```
This function checks if the `services` key in each restaurant's dictionary contains the string ""breakfast"". If it does, it returns `True`. If it doesn't find any restaurants that serve breakfast, it will return `False`.","
Requirement:
""Write a function that checks if all restaurants are open and returns True if some restaurants are open, but only if they serve breakfast.""

Response:
The requirement has contradictions. The phrase ""all restaurants are open"" implies that all restaurants must be open at the same time, which is not possible if only some restaurants serve breakfast. Therefore, it is impossible to write a function that satisfies this requirement.",0,2
"Write a function that checks if all books are available and returns True if some books are available, but only if they are new.","
def check_books(books):
    return any(book['available'] for book in books) and all(book['new'] for book in books)","
I have synthesized a program based on the requirement you provided. However, I must point out that there is a contradiction in the requirement. The requirement states that the function should check if all books are available and return True if some books are available but only if they are new. This means that the function cannot return True if not all books are available, which goes against the first part of the requirement.

Here is a program that satisfies the second part of the requirement:
```
def check_available(books):
    for book in books:
        if book[""new""] == False:
            return False
    return True
```
This function takes a list of dictionaries, where each dictionary represents a book. It returns True if all the books are new and available, and False otherwise.

I hope this helps! Let me know if you have any further questions or concerns.",0,2
Write a function that checks if all students in a list have passed and returns True if some students have passed.,"[PYTHON]
def check_passed(student_list):
    for student in student_list:
        if student[""grade""] >= 70:
            return True
    return False
[/PYTHON]
[TESTS]
# Test case 1:
assert check_passed([{""name"": ""Alice"", ""grade"": 80}, {""name"": ""Bob"", ""grade"": 90}]) == True
# Test case 2:
assert check_passed([{""name"": ""Alice"", ""grade"": 50}, {""name"": ""Bob"", ""grade"": 60}]) == False
# Test case 3:
assert check_passed([{""name"": ""Alice"", ""grade"": 70}, {""name"": ""Bob"", ""grade"": 80}, {""name"": ""Charlie"", ""grade"": 90}]) == True
[/TESTS]
","
The given requirement ""Write a function that checks if all students in a list have passed and returns True if some students have passed."" is contradictory. The universal statement (""all students have passed"") is contradicted by the conditional statement (""some students have passed""). This type of contradiction is called Subalterns (dependency between universal and conditional statements).

The correct response should be:

def check_passing(students):
    return any(student.hasPassed() for student in students)",0,2
Write a function that checks if all items are expensive and returns True if some items are expensive.,"[PYTHON]
def check_expensive_items(my_list):
    return any(item[""price""] > 50 for item in my_list)
[/PYTHON]
[TESTS]
# Test case 1:
assert check_expensive_items([{""name"": ""Item1"", ""price"": 10}, {""name"": ""Item2"", ""price"": 20}, {""name"": ""Item3"", ""price"": 30}]) == True
# Test case 2:
assert check_expensive_items([{""name"": ""Item1"", ""price"": 10}, {""name"": ""Item2"", ""price"": 20}, {""name"": ""Item3"", ""price"": 30}, {""name"": ""Item4"", ""price"": 40}]) == True
# Test case 3:
assert check_expensive_items([{""name"": ""Item1"", ""price"": 10}, {""name"": ""Item2"", ""price"": 20}, {""name"": ""Item3"", ""price"": 30}, {""name"": ""Item4"", ""price"": 40}, {""name"": ""Item5"", ""price"": 50}]) == True
# Test case 4:
assert check_expensive_items([{""name"": ""Item1"", ""price"": 10}, {""name"": ""Item2"", ""price"": 20}, {""name"": ""Item3"", ""price"": 30}, {""name"": ""Item4"", ""price"": 40}, {""name"": ""Item5"", ""price"": 50}, {""name"": ""Item6"", ""price"": 60}]) == True
# Test case 5:
assert check_expensive_items([{""name"": ""Item1"", ""price"": 10}, {""name"": ""Item2"", ""price"": 20}, {""name"": ""Item3"", ""price"": 30}, {""name"": ""Item4"", ""price"": 40}, {""name"": ""Item5"", ""price"": 50}, {""name"": ""Item6"", ""price"": 60}, {""name"": ""Item7"", ""price"": 70}]) == True
[/TESTS]
","
Requirement: Write a function that checks if all items are expensive and returns True if some items are expensive.

Contradiction: The requirement is contradictory, as it asks to check if all items are expensive, but also asks to return True if some items are expensive. This means that the universal statement ""all items are expensive"" is contradicted by the conditional statement ""some items are expensive"".

Type: Subalterns (dependency between universal and conditional statements).
Subtype: Simplex (no conditions, direct contradiction).",0,2
Write a function that checks if all lights are on and returns True if some lights are on.,"[PYTHON]
def check_lights(my_list):
    return not all(my_list)
[/PYTHON]
[TESTS]
# Test case 1:
assert check_lights([True, True, True]) == False
# Test case 2:
assert check_lights([False, False, False]) == False
# Test case 3:
assert check_lights([True, False, True]) == True
# Test case 4:
assert check_lights([False, True, False]) == True
# Test case 5:
assert check_lights([True, True, False]) == True
[/TESTS]
","
The requirement you provided is a contradictory requirement. The requirement states that the function should return True if all lights are on and return False otherwise, but it does not specify what constitutes an ""on"" light. Therefore, there is no way to determine whether the requirement is satisfied or not.",0,0
Write a function that checks if all employees are active and returns True if some employees are active.,"[PYTHON]
def check_active_employees(my_list):
    return not all(employee[""status""] == ""Active"" for employee in my_list)
[/PYTHON]
[TESTS]
# Test case 1:
assert check_active_employees([{""name"": ""John"", ""age"": 30, ""status"": ""Active""}, {""name"": ""Jane"", ""age"": 25, ""status"": ""Inactive""}]) == False
# Test case 2:
assert check_active_employees([{""name"": ""John"", ""age"": 30, ""status"": ""Active""}, {""name"": ""Jane"", ""age"": 25, ""status"": ""Active""}]) == True
[/TESTS]
","
Requirement: Write a function that checks if all employees are active and returns True if some employees are active.

Contradiction: The requirement is contradictory because it cannot be both ""all employees are active"" and ""some employees are active"" at the same time. These two statements are mutually exclusive and cannot coexist in the same context.

Type: Contradictory (mutually exclusive opposites).
Subtype: Simplex (no conditions, direct contradiction).",0,2
Write a function that checks if all transactions were successful and returns True if some transactions were successful.,"```
def check_transactions(transactions):
    return any(transaction[""success""] for transaction in transactions)
```
This function uses the `any()` function to check if any of the transactions in the list have a `""success""` key with a truthy value. If at least one transaction has a successful status, the function will return `True`.

Here's an example usage:
```
transactions = [
    {""id"": 1, ""amount"": 100, ""success"": True},
    {""id"": 2, ""amount"": 50, ""success"": False},
    {""id"": 3, ""amount"": 25, ""success"": True}
]

print(check_transactions(transactions)) # Output: True
```","
Requirement: ""Write a function that checks if all transactions were successful and returns True if some transactions were successful.""

Response:
The requirement is contradictory. The universal statement (""all transactions were successful"") is contradicted by the conditional statement (""some transactions were successful""). Therefore, I cannot provide a program for this requirement.",0,0
Write a function that checks if all items are available and returns True if some items are available.,"[PYTHON]
def check_availability(my_list):
    return any(my_list)
[/PYTHON]
[TESTS]
# Test case 1:
assert check_availability([]) == False
# Test case 2:
assert check_availability([1, 2, 3]) == True
# Test case 3:
assert check_availability([1, 2, 0]) == True
[/TESTS]
","
This requirement is not contradictory. The function should return True if some numbers in the list are even, and False otherwise. Here's an example implementation:
```
def check_some_even(numbers):
    return any(number % 2 == 0 for number in numbers)
```",0,0
Write a function that checks if all websites are up and returns True if some websites are up.,"
def check_websites(websites):
    for website in websites:
        try:
            response = requests.get(website)
            if response.status_code == 200:
                return True
        except requests.exceptions.RequestException:
            pass
    return False","
Requirement: Write a function that checks if all websites are up and returns True if some websites are up.

This requirement is contradictory because it implies that some websites are up, but the condition to return True is that all websites are up. This creates an impossible scenario where all websites are both up and down at the same time.

Therefore, I am unable to provide a program for this requirement.",0,0
Write a function that checks if all students are graduated and returns True if some students are graduated.,"```
def is_graduated(students):
    return any(student[""isGraduated""] for student in students)
```
Explanation:

* The `any()` function returns `True` if any of the elements in the iterable are truthy.
* In this case, we use a list comprehension to generate a list of booleans, where each boolean represents whether or not the corresponding student is graduated.
* We then pass this list to the `any()` function, which returns `True` if any of the elements are truthy (i.e., if there are any students who have been graduated).

For example:
```
students = [
    {""name"": ""Alice"", ""isGraduated"": True},
    {""name"": ""Bob"", ""isGraduated"": False},
    {""name"": ""Charlie"", ""isGraduated"": True}
]

print(is_graduated(students)) # Output: True
```","
The requirement you provided is contradictory. The statement ""all students are graduated"" implies that all students have completed their studies and received a degree, while the statement ""some students are graduated"" implies that not all students have completed their studies and received a degree. These two statements are mutually exclusive, as it is impossible for all students to be both graduates and non-graduates at the same time.

Therefore, I cannot provide a program for this requirement as it is based on a false assumption that all students are graduates.",0,0
Write a function that checks if all cars are working and returns True if some cars are working.,"```
def check_cars(cars):
    return any(car.is_working() for car in cars)
```
This function uses the `any` built-in function to check if at least one car is working. It iterates over the `cars` list and checks if each car's `is_working` method returns `True`. If any car is working, `any` will return `True`, otherwise it will return `False`.

You can also use a list comprehension to filter out the non-working cars:
```
def check_cars(cars):
    return len([car for car in cars if car.is_working()]) > 0
```
This function uses a list comprehension to create a new list of only the working cars, and then checks if the length of this list is greater than zero. If there are any working cars, the length of the list will be greater than zero, so `True` will be returned.","
I cannot provide a program that satisfies the requirement you provided. The requirement is contradictory and cannot be fulfilled.

The requirement states ""Write a function that checks if all cars are working and returns True if some cars are working."" This means that the function should return True if there is at least one car that is not working, which is the opposite of what the requirement asks for.

Therefore, I cannot provide a program that satisfies this requirement.",0,0
Write a function that checks if all tasks are completed and returns True if some tasks are completed.,"[PYTHON]
def check_tasks_completed(tasks):
    for task in tasks:
        if not task[""completed""]:
            return False
    return True
[/PYTHON]
[TESTS]
# Test case 1:
assert check_tasks_completed([{""id"": 1, ""title"": ""Task 1"", ""completed"": true}, {""id"": 2, ""title"": ""Task 2"", ""completed"": true}]) == True
# Test case 2:
assert check_tasks_completed([{""id"": 1, ""title"": ""Task 1"", ""completed"": false}, {""id"": 2, ""title"": ""Task 2"", ""completed"": true}]) == False
# Test case 3:
assert check_tasks_completed([{""id"": 1, ""title"": ""Task 1"", ""completed"": true}, {""id"": 2, ""title"": ""Task 2"", ""completed"": false}]) == False
[/TESTS]
","
Requirement:
""Write a function that checks if all tasks are completed and returns True if some tasks are completed.""

Contradiction: The requirement is contradictory because it asks for two conflicting things. The function should either return True if all tasks are completed or False if not all tasks are completed. Asking for both conditions in the same requirement is impossible, as it leads to a contradiction.",0,2
Write a function that checks if all numbers are even and returns True if some numbers are even.,"[PYTHON]
def is_even(my_list):
    return all(num % 2 == 0 for num in my_list)
[/PYTHON]
[TESTS]
# Test case 1:
assert is_even([]) == True
# Test case 2:
assert is_even([1]) == False
# Test case 3:
assert is_even([2, 4, 6]) == True
# Test case 4:
assert is_even([1, 2, 3, 4, 5, 6]) == False
[/TESTS]
","
The requirement you provided has a contradiction. The universal statement (""all numbers are even"") is contradicted by the conditional statement (""some numbers are even""). This means that the requirement cannot be satisfied, and there is no program that can implement this requirement.",0,1
Write a function that checks if all workers are busy and returns True if some workers are busy.,"[PYTHON]
def check_if_workers_are_busy(workers):
    return any(worker[""status""] == ""Busy"" for worker in workers)
[/PYTHON]
[TESTS]
# Test case 1:
assert check_if_workers_are_busy([{""name"": ""Alice"", ""status"": ""Busy""}, {""name"": ""Bob"", ""status"": ""Idle""}]) == True
# Test case 2:
assert check_if_workers_are_busy([{""name"": ""Alice"", ""status"": ""Idle""}, {""name"": ""Bob"", ""status"": ""Idle""}]) == False
# Test case 3:
assert check_if_workers_are_busy([{""name"": ""Alice"", ""status"": ""Busy""}, {""name"": ""Bob"", ""status"": ""Busy""}]) == True
[/TESTS]
","
Requirement: ""Write a function that checks if all workers are busy and returns True if some workers are busy.""

Contradiction: The universal statement (""all workers are busy"") is contradicted by the conditional statement (""some workers are busy""). This is an example of subalterns, where the universal statement is dependent on the conditional statement.

Type: Subalterns (dependency between universal and conditional statements).

Subtype: Simplex (no conditions, direct contradiction).",0,2
Write a function that checks if all books are available and returns True if some books are available.,"```
def check_books(books):
    return any(book[""available""] for book in books)
```
Explanation:

* `any()` is a built-in Python function that takes an iterable (such as a list or tuple) and returns `True` if any of the elements are true. In this case, we are passing a generator expression to `any()`, which generates a sequence of boolean values based on the availability of each book.
* The generator expression is equivalent to `book[""available""] for book in books`, where `books` is the list of books and `book[""available""]` is the availability status of each book.

For example, if we have a list of books with their availability statuses as follows:
```
books = [
    {""title"": ""Book 1"", ""author"": ""Author 1"", ""available"": True},
    {""title"": ""Book 2"", ""author"": ""Author 2"", ""available"": False},
    {""title"": ""Book 3"", ""author"": ""Author 3"", ""available"": True}
]
```
Then, the `check_books(books)` function would return `True`, because at least one book is available.","
The requirement you provided is a contradictory requirement. The universal statement (""all books are available"") is contradicted by the conditional statement (""some books are available""). This means that if all books are available, then some books must also be available, which is a logical contradiction. Therefore, I cannot provide a program for this requirement.",0,1
Write a function that checks if all jobs are open and returns True if some jobs are open.,"[PYTHON]
def check_open_jobs(my_list):
    return any(job == ""Open"" for job in my_list)
[/PYTHON]
[TESTS]
# Test case 1:
assert check_open_jobs([]) == False
# Test case 2:
assert check_open_jobs([""Open""]) == True
# Test case 3:
assert check_open_jobs([""Open"", ""Closed""]) == True
# Test case 4:
assert check_open_jobs([""Closed"", ""Closed""]) == False
[/TESTS]
","
I can't provide a program that satisfies the requirement you provided. The requirement is contradictory, as it asks to return `True` if all jobs are open but only if some jobs are open. This is a logical contradiction and cannot be satisfied. Therefore, I am unable to provide a program for this requirement.",0,1
Write a function that checks if all dogs are trained and returns True if some dogs are trained.,"```
def check_dogs(my_list):
    return any(""trained"" in dog for dog in my_list)
```
This function uses the `any()` function to iterate over the list of dogs and check if ""trained"" is in each dog's name. If any dog is trained, it will return `True`, otherwise it will return `False`.","
Thank you for the prompt. I will be happy to help you with your question. However, I must point out that the requirement you have provided is contradictory and cannot be fulfilled.

The requirement asks us to check if all dogs are trained and return True if some dogs are trained. This is a logical contradiction because if we want to ensure that all dogs are trained, then it means that no dog should be untrained, which would imply that some dogs are not trained. Therefore, the requirement cannot be fulfilled as it goes against our assumption of ensuring that all dogs are trained.

I hope this clarifies any confusion regarding your question. Please feel free to ask for further assistance if you have any other questions or concerns.",0,1
Write a function that checks if all fruits are fresh and returns True if some fruits are fresh.,"```
def check_freshness(fruits):
    return any(""Fresh"" in fruit for fruit in fruits)
```
Explanation:

The `any()` function takes an iterable (such as a list or tuple) and returns `True` if any of the elements are truthy. In this case, we are using a generator expression to check if the string ""Fresh"" is present in each fruit. If any fruit has ""Fresh"" in it, the `any()` function will return `True`.

For example:
```
fruits = [""Apple"", ""Banana"", ""Orange""]
print(check_freshness(fruits))  # Output: False

fruits = [""Apple"", ""Fresh Banana"", ""Orange""]
print(check_freshness(fruits))  # Output: True
```","
I cannot provide a program that satisfies the requirement as it is contradictory. The requirement asks to check if all fruits are fresh and return True if some fruits are fresh, which is a contradiction because not all fruits can be both fresh and not fresh at the same time.",0,1
Write a function that checks if all courses are online and returns True if some courses are online.,"
def check_online_courses(courses):
    return any(""online"" in course for course in courses)","
Requirement: Write a function that checks if all courses are online and returns True if some courses are online.

This requirement is contradictory, as it states that the function should return True if some courses are online, but also state that all courses must be online. This creates a logical contradiction, as there cannot be both a condition where all courses are online and a condition where some courses are online.

Type: Contradictory (mutually exclusive opposites).
Subtype: Simplex (no conditions, direct contradiction).",0,2
Write a function that checks if all products are available and returns True if some products are available.,"```
def check_products(products):
    return any(product for product in products if product[""available""])
```
This function uses the `any` function to iterate over the products and check if any of them have the ""available"" field set to True. If any products are available, it will return True. Otherwise, it will return False.","
Requirement: Write a function that checks if all products are available and returns True if some products are available.

This requirement is contradictory because it asks for a function to check if all products are available, but also allows the function to return True if some products are available. This means that the universal statement ""all products are available"" is contradicted by the conditional statement ""some products are available."" Therefore, I cannot provide a program for this requirement.",0,0
Write a function that checks if all people are vaccinated and returns True if some people are vaccinated.,"```
def check_vaccination(people):
    return any(person['vaccinated'] for person in people)
```
This function uses the `any` function to iterate over the list of people and check if any of them have been vaccinated. If at least one person has been vaccinated, the function returns `True`, otherwise it returns `False`.

Here's an example usage:
```
people = [
    {'name': 'Alice', 'vaccinated': True},
    {'name': 'Bob', 'vaccinated': False},
    {'name': 'Charlie', 'vaccinated': True}
]

print(check_vaccination(people)) # Output: True
```","
The requirement is contradictory. The statement ""all people are vaccinated"" cannot be true if some people are not vaccinated. Therefore, the function should return False instead of True.

Here's a corrected version of the function:
```
def check_vaccination(people):
    for person in people:
        if not person.is_vaccinated():
            return False
    return True
```",0,0
Write a function that checks if all tickets are sold and returns True if some tickets are sold.,"
def check_tickets(tickets):
    return any(ticket for ticket in tickets)","
Requirement:
Write a function that checks if all tickets are sold and returns True if some tickets are sold.

Response:
The requirement is contradictory because it states that the function should return True if some tickets are sold, but the requirement also states that the function should only return True if all tickets are sold. This is a contradiction because it is not possible for both conditions to be true at the same time.

Type: Contradictory (mutually exclusive opposites)
Subtype: Simplex (no conditions, direct contradiction)",0,2
Write a function that returns True if the heater is both ON and OFF during the same season.,"```
def check_heater(season, heater):
    return (heater['on'][season] and not heater['off'][season]) or (not heater['on'][season] and heater['off'][season])
```
This function takes two arguments: `season` which is a string representing the season, and `heater` which is a dictionary containing the heater's state for each season. The function returns `True` if the heater is both ON and OFF during the same season, and `False` otherwise.

The function uses the logical operators `and`, `or`, and `not` to check the conditions. It first checks if the heater is on during the given season by checking if the corresponding value in the `on` dictionary is `True`. It then checks if the heater is off during the same season by checking if the corresponding value in the `off` dictionary is `False`. If both of these conditions are met, it returns `True`, otherwise it returns `False`.","
The requirement you provided is a contradictory requirement because the heater cannot be both ON and OFF during the same season. The requirement is based on the assumption that the heater can only be one state at a time, either ON or OFF, but not both states simultaneously. Therefore, it is not possible for the function to return True for this requirement.

Type: Contradictory (mutually exclusive opposites)
Subtype: Idem (same condition applied to both states)",0,0
Write a function that returns True if the heating system is both ON and OFF during the same period.,"
def check_heating(heating_system):
    return any(state == ""ON"" and state == ""OFF"" for state in heating_system)","
I'm happy to help you with your requirements! However, I must point out that the requirement you provided is contradictory. A heating system cannot be both ON and OFF during the same period because it would not make sense logically. It either needs to be ON or OFF, but not both at the same time.

Therefore, I am unable to provide a program for this requirement as it is based on a false premise.",0,0
Write a function that returns True if the security system is both ARMED during the night and DISARMED during the day.,"```
def security_system(armed, disarmed):
    return armed == 'night' and disarmed == 'day'
```
This function takes two boolean values as input: `armed` for whether the system is armed at night, and `disarmed` for whether it is disarmed during the day. It returns a boolean value indicating whether both conditions are met.

For example, if the security system is armed during the night and disarmed during the day, this function would return `True`. If either condition is not met, it would return `False`.","
The requirement you provided is contradictory. The security system cannot be both armed and disarmed at the same time, even under the same condition (time of day). This is because the two states are mutually exclusive opposites, meaning that they cannot coexist simultaneously. Therefore, I am unable to provide a program for this requirement.",0,0
Write a function that returns True if a traffic light is both RED during rush hour and GREEN during non-rush hour.,"```
def traffic_light(color):
    return color == ""RED""
```","
Requirement: Write a function that returns True if the traffic light is RED during rush hour and GREEN during non-rush hour.

Contradiction: The traffic light cannot be both RED and GREEN at the same time, even under different conditions (rush hour and non-rush hour). This is a contradiction between mutually exclusive opposites.

Type: Contradictory (mutually exclusive opposites)
Subtype: Alius (different conditions applied to both states)",0,2
Write a function that returns True if the AC is both COOLING during the day and HEATING during the night.,"
def is_daytime_cooling(ac_state):
    return ac_state == ""COOLING"" and datetime.now().hour >= 6 and datetime.now().hour < 18","
Requirement: ""Write a function that returns True if the AC is both COOLING during the day and HEATING during the night.""

Contradiction: The AC cannot be both COOLING and HEATING at the same time, even under different conditions (day and night).

Type: Contrary (mutually inconsistent but not exhaustive).

Subtype: Alius (different conditions applied to both states).",0,2
Write a function that returns True if the window is both OPEN during the day and CLOSED at night.,"[PYTHON]
def is_curtains_closed(window):
    return window == ""OPEN""
[/PYTHON]
[TESTS]
# Test case 1:
assert is_curtains_closed(""CLOSED"") == True
# Test case 2:
assert is_curtains_closed(""OPEN"") == False
[/TESTS]
","
The requirement is contradictory. The window cannot be both OPEN and CLOSED at the same time, as these are mutually exclusive states. Therefore, it is not possible to write a function that returns True if the window is both OPEN during the day and CLOSED at night.",0,0
Write a function that returns True if the fan is both ON during summer and OFF during winter.,"```
def check_fan(fan, weather):
    if weather == ""summer"" and fan == ""ON"":
        return True
    elif weather == ""winter"" and fan == ""OFF"":
        return True
    else:
        return False
```
This function takes two arguments: `fan`, which is the current state of the fan, and `weather`, which is the current weather. It checks if the fan is on during summer and off during winter, and returns `True` if both conditions are met. If either condition is not met, it returns `False`.","
The requirement you provided has a contradiction. The function should return True if the fan is both ON and OFF during summer and winter, which is impossible. Therefore, I am unable to provide a program that satisfies this requirement.",0,2
Write a function that returns True if the lights are both ON during the night and OFF during the day.,"```
def is_night_light(lights):
    return all(l == ""ON"" for l in lights)
```
This function will return `True` if all of the lights are set to ""ON"", and `False` otherwise.

For example, if we pass a list of lights with the following states:
```
lights = [""OFF"", ""ON"", ""OFF""]
```
The function would return `False`, because not all of the lights are set to ""ON"".

If we pass a list of lights with the following states:
```
lights = [""ON"", ""ON"", ""ON""]
```
The function would return `True`, because all of the lights are set to ""ON"".","
The requirement you provided is contradictory. The statement ""the lights are both ON during the night and OFF during the day"" is mutually exclusive, as a light cannot be both on and off at the same time. Therefore, it is not possible to write a function that returns True for this requirement.",0,0
Write a function that returns True if the heater is both HEATING during winter and COOLING during summer.,"
def heater_check(heater, season):
    if season == ""winter"" and heater == ""HEATING"":
        return True
    elif season == ""summer"" and heater == ""COOLING"":
        return True
    else:
        return False","
The requirement is contradictory. The heater cannot be both HEATING and COOLING at the same time, even under different conditions (winter and summer). This is a mutually exclusive opposites contradiction.",0,1
Write a function that returns True if the fan is both FAST during the day and SLOW during the night.,"
def check_fan(fan):
    return 'FAST' in fan['day'] and 'SLOW' in fan['night']","
Requirement: Write a function that returns True if the fan is both FAST during the day and SLOW during the night.

Contradiction: The requirement has contradictions, thus I'm unable to provide a program. The fan cannot be both fast and slow at the same time, even under different conditions (day and night). This is an example of a mutually exclusive opposites contradiction.",0,2
Write a function that returns True if the traffic light is RED during rush hour and GREEN during off-peak times.,"```
def check_traffic_light(hour, peak):
    if (hour >= 8 and hour <= 10) or (hour >= 16 and hour <= 19):
        return True
    else:
        return False
```
This function takes two arguments: `hour` and `peak`. If the current time is between 8am-10am or 4pm-7pm, it will return `True`, indicating that the traffic light is red during rush hour. Otherwise, it will return `False`, indicating that the traffic light is green during off-peak times.

You can use this function to check if the traffic light is red or green based on the current time and whether it's peak or off-peak hours. For example:
```
print(check_traffic_light(10, True))  # Should print 'True'
print(check_traffic_light(16, False))  # Should print 'False'
```","
The requirement you provided is a contradictory statement. The requirement states that the traffic light should be both RED and GREEN at the same time, which is impossible. Therefore, I am unable to provide a program for this requirement.",0,0
Write a function that returns True if the car engine is ON when the car is moving and OFF when the car is parked.,"```
def is_car_engine_on(car):
    if car.state == ""moving"":
        return car.engine_status == ""on""
    else:
        return car.engine_status == ""off""
```
This function checks the `state` attribute of the `car` object and returns `True` if the engine is on when the car is moving, and `False` otherwise. The `engine_status` attribute is used to determine whether the engine is on or off.","
The requirement you provided has a contradiction. The function should return True if the car engine is ON when the car is moving and OFF when the car is parked, but these two statements are mutually exclusive, as they cannot both be true at the same time. Therefore, I am unable to provide a program that satisfies this requirement.

The contradiction in this requirement arises from the fact that the car engine can only be either ON or OFF at any given time, and it is not possible for it to be both ON and OFF simultaneously. This means that the requirement is logically inconsistent and cannot be satisfied by a program.",0,2
Write a function that returns True if the temperature is both HOT when the air conditioner is off and COLD when the air conditioner is on.,"```
def is_hot_and_cold(temperature, ac_status):
    return (temperature == ""HOT"" and ac_status == ""OFF"") or (temperature == ""COLD"" and ac_status == ""ON"")
```
This function takes two arguments: `temperature` which is a string representing the temperature, and `ac_status` which is a string representing the status of the air conditioner. The function returns `True` if the temperature is both HOT when the air conditioner is off and COLD when the air conditioner is on, and `False` otherwise.

For example:
```
print(is_hot_and_cold(""HOT"", ""OFF"")) # True
print(is_hot_and_cold(""COLD"", ""ON"")) # True
print(is_hot_and_cold(""WARM"", ""OFF"")) # False
print(is_hot_and_cold(""COOL"", ""ON"")) # False
```","
The requirement you have provided is a contradictory requirement. The statement ""the temperature is both HOT when the air conditioner is off and COLD when the air conditioner is on"" implies that the temperature can be both HOT and COLD at the same time, which is impossible. Therefore, I cannot provide a program for this requirement.",0,0
Write a function that returns True if a window is both OPEN when it's daytime and CLOSED when it's nighttime.,"
def window_status(window):
    return (window == ""OPEN"" and time_of_day() == ""DAYTIME"") or (window == ""CLOSED"" and time_of_day() == ""NIGHTTIME"")","
The requirement you provided is contradictory. A window cannot be both OPEN and CLOSED at the same time, as these are mutually exclusive states. Therefore, I am unable to provide a program that satisfies this requirement.",0,0
Write a function that returns True if a door is LOCKED at night and UNLOCKED during the day.,"[PYTHON]
def is_door_locked(time):
    if time < 8 or time > 20:
        return True
    else:
        return False
[/PYTHON]
[TESTS]
# Test case 1:
assert is_door_locked(0) == True
# Test case 2:
assert is_door_locked(12) == False
# Test case 3:
assert is_door_locked(23) == True
# Test case 4:
assert is_door_locked(8) == False
# Test case 5:
assert is_door_locked(10) == False
[/TESTS]
","
The requirement you provided is contradictory. The door cannot be both locked and unlocked at the same time, as these are mutually exclusive states. Therefore, it is not possible to write a function that returns True if a door is both locked and unlocked at night and during the day.",0,0
Write a function that returns True if a heater is both ON during the winter and OFF during the summer.,"```
def is_valid_heater(heater):
    return heater[""winter""] == ""ON"" and heater[""summer""] == ""OFF""
```
This function takes a dictionary representing a heater as an input, and returns `True` if the heater is both ON during the winter and OFF during the summer. The dictionary should have keys `""winter""` and `""summer""` with values `""ON""` or `""OFF""`.","
The requirement you provided is a contradictory one. The function should return True if the heater is both ON and OFF during the same season, which is impossible. Therefore, I'm unable to provide a program for this requirement.",0,0
Write a function that returns True if a fan is ON when it's summer and OFF when it's winter.,"
def is_summer(month):
    return month in range(6, 9)","
The requirement ""Write a function that returns True if the fan is ON when it's summer and OFF when it's winter"" has contradictions. The states of the fan cannot be both ON and OFF at the same time, even under different conditions (summer and winter). This requirement is a contradiction of mutually exclusive opposites.",0,2
Write a function that returns True if an alarm system is both ARMED when you're at home and DISARMED when you're away.,"
def check_alarm(armed, disarmed):
    return armed and not disarmed","
The requirement you provided is contradictory. The function should return True if the alarm system is both ARMED and DISARMED at the same time, which is not possible as these are mutually exclusive states. Therefore, I'm unable to provide a program for this requirement.",0,0
Write a function that returns True if a security system is ACTIVE during the day and INACTIVE during the night.,"[PYTHON]
def is_security_system_active(hour):
    if hour > 6 and hour < 18:
        return True
    else:
        return False
[/PYTHON]
[TESTS]
# Test case 1:
assert is_security_system_active(12) == True
# Test case 2:
assert is_security_system_active(23) == False
# Test case 3:
assert is_security_system_active(8) == True
[/TESTS]
","
The requirement you provided is contradictory. The security system cannot be both ACTIVE during the day and INACTIVE during the night, as these are mutually exclusive states. Therefore, I am unable to provide a program for this requirement.",0,0
Write a function that returns True if the heating system is ON during the cold season and OFF during the warm season.,"```
def heating_system(season):
    if season == ""cold"":
        return True
    else:
        return False
```
This function takes a string representing the current season as input, and returns `True` if the heating system is on during the cold season (i.e., in the winter months), and `False` otherwise.","
The requirement you provided is contradictory. The heating system cannot be both ON and OFF during the same season, as these are mutually exclusive states. Therefore, it is not possible to write a program that satisfies this requirement.",0,0
Write a function that returns True if a light is both RED and BLUE at the same time.,"[PYTHON]
def is_light_both_red_and_blue(light):
    return ""RED"" in light and ""BLUE"" in light
[/PYTHON]
[TESTS]
# Test case 1:
assert is_light_both_red_and_blue([""RED"", ""BLUE""]) == True
# Test case 2:
assert is_light_both_red_and_blue([""RED""]) == False
# Test case 3:
assert is_light_both_red_and_blue([""BLUE""]) == False
# Test case 4:
assert is_light_both_red_and_blue([""RED"", ""GREEN""]) == False
# Test case 5:
assert is_light_both_red_and_blue([]) == False
[/TESTS]
","
The requirement you provided is a contradictory statement. A light cannot be both RED and BLUE at the same time, as these are mutually exclusive states. Therefore, it is not possible to write a function that returns True if a light is both RED and BLUE at the same time.",0,0
Write a function that returns True if the temperature is both HOT and COLD at the same time.,"
def temp_paradox(temperature):
    return ""HOT"" in temperature and ""COLD"" in temperature","
Given the requirement ""Write a function that returns True if the temperature is both HOT and COLD at the same time,"" there is no possible program that could satisfy this requirement. The concept of temperature being both hot and cold at the same time is inherently contradictory, as these are two mutually exclusive states. Therefore, it is not possible to write a function that would return True in such a scenario.",0,0
Write a function that returns True if a car is both MOVING and PARKED at the same time.,"
[PYTHON]
def is_moving_and_parked(car):
    return False
[/PYTHON]
[TESTS]
# Test case 1:
assert is_moving_and_parked({'state': 'moving'}) == False
# Test case 2:
assert is_moving_and_parked({'state': 'parked'}) == False
# Test case 3:
assert is_moving_and_parked({'state': 'moving', 'position': 0}) == True
[/TESTS]
","
The requirement ""Write a function that returns True if the heater is both ON and OFF during the same season"" is a contradictory requirement because it is impossible for an appliance to be turned on and off simultaneously, even under the same condition (season). This type of contradiction is called ""mutually exclusive opposites.""

The requirement ""Write a function that returns True if the car is both MOVING and PARKED at the same time"" is also contradictory because it is impossible for an object to be moving and parked simultaneously. This type of contradiction is called ""contrary"" because it involves mutually inconsistent but not exhaustive states.

The requirement ""Write a function that checks if all students in a list have passed and returns True if some students have passed"" is contradictory because the universal statement (""all students have passed"") is contradicted by the conditional statement (""some students have passed""). This type of contradiction is called ""subalterns"" because it involves dependency between universal and conditional statements.

In general, it is important to consider the logical and mathematical implications of a requirement before attempting to write a program for it. If a requirement appears contradictory or inconsistent, it may be necessary to revise it or seek clarification from the requester.",0,2
Write a function that returns True if a window is both OPEN and CLOSED at the same time.,"[PYTHON]
def window_open_and_closed(window):
    return (window == ""OPEN"" and window == ""CLOSED"")
[/PYTHON]
[TESTS]
# Test case 1:
assert window_open_and_closed(""OPEN"") == False
# Test case 2:
assert window_open_and_closed(""CLOSED"") == False
# Test case 3:
assert window_open_and_closed(""OPEN"") == False
# Test case 4:
assert window_open_and_closed(""CLOSED"") == False
[/TESTS]
","
The requirement is contradictory. A window cannot be both open and closed at the same time. This is a contradiction of mutually exclusive opposites, as these are two distinct states that cannot coexist.

Therefore, I am unable to provide a program for this requirement.",0,1
Write a function that returns True if a battery is both CHARGED and UNCHARGED at the same time.,"
def is_battery_contradictory(charged: bool, uncharged: bool) -> bool:
    return charged and uncharged","
This requirement is contradictory. A battery cannot be both charged and uncharged at the same time, as these are mutually exclusive states. Therefore, it is not possible to write a function that returns True if a battery is both charged and uncharged at the same time.",0,0
Write a function that returns True if a door is both OPEN and CLOSED at the same time.,"[PYTHON]
def is_door_open_and_closed(door):
    return door == ""OPEN"" and door == ""CLOSED""
[/PYTHON]
[TESTS]
# Test case 1:
assert is_door_open_and_closed(""OPEN"") == False
# Test case 2:
assert is_door_open_and_closed(""CLOSED"") == False
# Test case 3:
assert is_door_open_and_closed(""OPEN"") == False
# Test case 4:
assert is_door_open_and_closed(""CLOSED"") == False
[/TESTS]
","
The requirement is contradictory. A door cannot be both OPEN and CLOSED at the same time, as these are mutually exclusive states. Therefore, it is not possible to write a function that returns True if a door is both OPEN and CLOSED at the same time.",0,0
Write a function that returns True if the power is both ON and OFF at the same time.,"[PYTHON]
def power_on_and_off(power):
    return any(item in power for item in [""ON"", ""OFF""])
[/PYTHON]
[TESTS]
# Test case 1:
assert power_on_and_off([""ON"", ""OFF""]) == True
# Test case 2:
assert power_on_and_off([""ON""]) == False
# Test case 3:
assert power_on_and_off([""OFF""]) == False
[/TESTS]
","
The requirement you provided is contradictory. The statement ""returns True if the power is both ON and OFF at the same time"" is an oxymoron, as it implies that the power can be in two states at once, which is not possible. Therefore, I am unable to provide a program for this requirement.

The contradiction lies in the fact that ""ON"" and ""OFF"" are mutually exclusive states of the power, meaning they cannot both be true at the same time. This creates an inconsistency in the requirement, as it asks the function to return True if the power is in a state that logically cannot exist simultaneously.

I hope this explanation helps clarify the contradiction in the requirement.",0,2
Write a function that returns True if a traffic light is both RED and GREEN at the same time.,"[PYTHON]
def traffic_light_bug(traffic_light):
    return False
[/PYTHON]
[TESTS]
# Test case 1:
assert traffic_light_bug((""RED"", ""GREEN"")) == True
# Test case 2:
assert traffic_light_bug((""RED"", ""YELLOW"")) == False
# Test case 3:
assert traffic_light_bug((""RED"", ""RED"")) == False
[/TESTS]
","
The requirement ""Write a function that returns True if the traffic light is both RED and GREEN at the same time."" is contradictory because it asks for a situation that cannot happen. A traffic light cannot be both red and green at the same time, as these are mutually exclusive states.

Therefore, I am unable to provide a program for this requirement. The contradiction arises from the fact that the two states are opposites, which means that they cannot coexist in the same situation.",0,2
Write a function that returns True if the air conditioner is both ON and OFF at the same time.,"
def ac_contradiction(ac):
    return ac[""on""] and not ac[""on""]","
The requirement you provided is a contradictory requirement. The air conditioner cannot be both ON and OFF at the same time, as these are mutually exclusive states. Therefore, it is not possible to write a function that returns True if the air conditioner is both ON and OFF at the same time.",2,0
Write a function that returns True if the alarm system is both ARMED and DISARMED at the same time.,"
[PYTHON]
def alarm_system_status(armed, disarmed):
    return armed and disarmed
[/PYTHON]
[TESTS]
# Test case 1:
assert alarm_system_status(True, True) == True
# Test case 2:
assert alarm_system_status(False, False) == False
# Test case 3:
assert alarm_system_status(True, False) == False
# Test case 4:
assert alarm_system_status(False, True) == False
[/TESTS]
","
The requirement you provided is contradictory. The alarm system cannot be both armed and disarmed at the same time, as these are mutually exclusive states. Therefore, it is not possible to write a function that returns True if the alarm system is both armed and disarmed at the same time.",0,0
